{
  "train_loss": [
    0.879788777583282,
    0.04201544709146698,
    0.019307860044700836,
    0.007532125829519438,
    0.01240680066396917,
    0.004729874731643443,
    0.006098547127975625,
    0.0057857050652441715,
    0.005234400270745452,
    0.005722571889227353,
    0.002858376519319797
  ],
  "train_acc": [
    82.92789353114432,
    98.88731318861133,
    99.47638267699357,
    99.8363695865605,
    99.73819133849678,
    99.9127304461656,
    99.8472782807898,
    99.8581869750191,
    99.8581869750191,
    99.8581869750191,
    99.9454565288535
  ],
  "val_loss": [
    0.03380369064689148,
    0.010003431281196148,
    0.004933047046809709,
    0.007470511452841795,
    0.009098978784209066,
    0.0033250902504151883,
    0.006769832986795639,
    0.010638051487275233,
    0.004493896885151116,
    0.010769178234991413,
    0.0077381204217898715
  ],
  "val_acc": [
    99.26119078661452,
    99.60886571056062,
    99.82616253802695,
    99.73924380704042,
    99.82616253802695,
    99.91308126901347,
    99.78270317253369,
    99.82616253802695,
    99.86962190352021,
    99.73924380704042,
    99.73924380704042
  ],
  "lr": [
    0.0001,
    0.0001,
    0.0001,
    0.0001,
    0.0001,
    0.0001,
    0.0001,
    0.0001,
    0.0001,
    5e-05,
    5e-05
  ]
}