{
  "train_loss": [
    1.2253299998800928,
    0.09545085058005637,
    0.03393761511609763,
    0.021164820802913986,
    0.014166881163800882,
    0.008941164199475406,
    0.005404964672889924,
    0.005488751258397676,
    0.005636643677871213,
    0.0045490511599765885,
    0.0017653353444750028,
    0.002896885260840625,
    0.0016089214652361761,
    0.0010267003126373882,
    0.0009570465853284859,
    0.0010679509444689566
  ],
  "train_acc": [
    75.53179884367842,
    97.52372640994874,
    99.12730446165594,
    99.52001745391077,
    99.66183047889167,
    99.8254608923312,
    99.9454565288535,
    99.8690956692484,
    99.8800043634777,
    99.890913057707,
    99.9781826115414,
    99.9345478346242,
    99.9890913057707,
    99.9890913057707,
    99.9890913057707,
    100.0
  ],
  "val_loss": [
    0.19355349884265,
    0.04890654965937655,
    0.026191218308263667,
    0.024485978113362863,
    0.020873905571736233,
    0.016218299497470272,
    0.013520186990919884,
    0.01517958515230728,
    0.014232457511247453,
    0.012689950511028454,
    0.010453532784266726,
    0.010707413956879464,
    0.013949637706547138,
    0.015549889471508828,
    0.014041860397002084,
    0.011179102235776858
  ],
  "val_acc": [
    96.21903520208605,
    98.73967840069535,
    99.174272055628,
    99.08735332464146,
    99.21773142112126,
    99.56540634506736,
    99.65232507605388,
    99.56540634506736,
    99.56540634506736,
    99.56540634506736,
    99.78270317253369,
    99.73924380704042,
    99.60886571056062,
    99.5219469795741,
    99.69578444154715,
    99.60886571056062
  ],
  "lr": [
    0.0001,
    0.0001,
    0.0001,
    0.0001,
    0.0001,
    0.0001,
    0.0001,
    0.0001,
    0.0001,
    0.0001,
    0.0001,
    0.0001,
    0.0001,
    0.0001,
    5e-05,
    5e-05
  ]
}